Seed,Algorithm,dataset,time,train_f1,val_f1,acc,val_acc,bin_acc,val_bin_acc,train_loss,val_loss
0,Shallow,Easy,0:00:02.589088,0.6729612320860796,0.6865568606908085,0.7669531996748851,0.778625953743476,0.7669531996748851,0.7669531996748851,0.5167254423002118,0.49007697232806957
0,Deep,Easy,0:00:04.986363,0.5343857859016717,0.6741456730675152,0.6571155685749983,0.7022900758808805,0.6571155685749983,0.6571155685749983,3.686558628947596,3.1085248102668586
0,LSTM,Easy,0:00:06.519046,0.767138332897066,0.6956473438794376,0.8213944599644388,0.755725191294692,0.8213944599644388,0.8213944599644388,0.46264876603169336,0.5759941473716997
0,RNN,Easy,0:00:03.603714,0.7708722471393851,0.7016026673426154,0.8347659974635615,0.7862595415297355,0.8347659974635615,0.8347659974635615,0.40827298198525064,0.4357577523657384
0,CNN,Easy,0:00:10.185778,0.7459067622023531,0.7261750688989654,0.8233046800951334,0.7900763354228653,0.8233046800951334,0.8233046800951334,0.3895681338756565,0.46424342635023685
0,Shallow,Big,0:00:48.362337,0.3349500505999949,0.36036539868552947,0.9987861399249613,0.9991573329588147,0.9987861399249613,0.9987861399249613,0.012657485670747625,0.010311646810792541
0,Deep,Big,0:01:25.627610,0.18774723590959436,0.25515776447450483,0.9976876467165586,0.9989934810341398,0.9976876467165586,0.9976876467165586,0.035954988315036907,0.015649258386745597
0,CNN,Big,0:10:58.563532,0.5774094279721624,0.42553878646133925,0.9998445055275776,0.9992509626300574,0.9998445055275776,0.9998445055275776,0.0006258825477026687,0.005573438743884318
0,LSTM,Big,0:02:00.442813,0.4899409369842976,0.4255530526781652,0.0023725446919154,0.00727970693912901,0.0023725446919154,0.0023725446919154,0.006709415785809451,0.00820622604670473
0,RNN,Big,0:00:54.063214,0.4609125021413309,0.41434364831831416,0.99949840492767,0.9994733330992591,0.99949840492767,0.99949840492767,0.0027924244358889403,0.002912191508609103
0,Shallow,Text,0:00:02.546238,0.3149692030326091,0.0,0.49758842545945803,0.505625,0.49758842545945803,0.49758842545945803,0.7114146224683249,0.7037219429016113
0,Deep,Text,0:00:03.858325,0.414864262168686,0.0,0.505493033353922,0.505625,0.505493033353922,0.505493033353922,7.16855358745252,7.860437622070313
0,LSTM,Text,0:00:48.538725,0.963455636209997,0.7501740980148316,0.6132100738768664,0.5196875,0.6132100738768664,0.6132100738768664,0.12988740434153415,1.7751229429244995
0,RNN,Text,0:00:14.775871,0.9947854185922097,0.4793924975395203,0.9947749191030685,0.5115625,0.9947749191030685,0.9947749191030685,0.04711759611485089,1.1584024238586426
0,CNN,Text,0:00:15.480400,0.16752831698550033,0.12426244705915451,0.5065648445873526,0.5009375,0.5065648445873526,0.5065648445873526,7.936470059336574,8.02947853088379
0,Shallow,Image,0:00:52.809455,0.0,0.0,0.7783333381017049,0.7349999976158142,0.7783333381017049,0.7783333381017049,0.5670054942369461,0.5829092586040496
0,Deep,Image,0:00:50.620815,0.0,0.0,0.775000003973643,0.7349999976158142,0.775000003973643,0.775000003973643,0.5876960595448811,0.6010423016548156
0,CNN,Image,0:00:58.805162,0.8446198970079422,0.8120775049924851,0.9416666607062022,0.9249999916553497,0.9416666607062022,0.9416666607062022,0.23162463530898095,0.253548289835453
0,LSTM,Image,0:00:53.721184,0.0,0.0,0.0,0.0,0.0,0.0,3.5728444894154867,4.271295323371887
0,RNN,Image,0:00:50.170595,0.0,0.0,0.7783333381017049,0.7349999976158142,0.7783333381017049,0.7783333381017049,0.5577924519777298,0.5936625146865845
0,Shallow,TimeSeries,0:00:03.124097,0.0,0.0,0.7973154337614174,0.7995824532618353,0.7973154337614174,0.7973154337614174,0.5520322020955267,0.5412766515337599
0,Deep,TimeSeries,0:00:04.644265,0.0,0.0,0.7973154337614174,0.7995824532618353,0.7973154337614174,0.7973154337614174,0.43427113861312266,0.3996545053971834
0,CNN,TimeSeries,0:00:03.486618,0.0,0.0,0.0,0.0,0.0,0.0,3.32034265968333,3.1190877998224362
0,LSTM,TimeSeries,0:00:05.153749,0.45061531207831623,0.47322299664988177,0.8428123591461899,0.8441422589154423,0.8428123591461899,0.8428123591461899,0.3459573045900142,0.3912502896336831
0,RNN,TimeSeries,0:00:03.858212,0.5224517499498332,0.4955141409670459,0.854455886883315,0.8420502206770446,0.854455886883315,0.854455886883315,0.35258995424297107,0.3919988319464807
1,Shallow,Easy,0:00:05.251021,0.603722518841881,0.6409699894089735,0.7230181467453412,0.7786259541984732,0.7230181467453412,0.7230181467453412,0.5477549047160399,0.5037983932340419
1,Deep,Easy,0:00:08.348547,0.4527498664692002,0.0,0.638013370968437,0.6755725186289722,0.638013370968437,0.638013370968437,2.206370427080189,2.490325980059063
1,LSTM,Easy,0:00:10.322261,0.7668002077592706,0.679505227631285,0.8156638011663668,0.7900763358778626,0.8156638011663668,0.8156638011663668,0.42661762448186064,0.49436048037223235
1,RNN,Easy,0:00:06.759073,0.7451152558996206,0.7041360690393521,0.8185291309069768,0.8244274809160306,0.8185291309069768,0.8185291309069768,0.40759857193902205,0.42637370970412974
1,CNN,Easy,0:00:13.411241,0.7593672947305208,0.6607748351934302,0.8261700098357433,0.8206106865679035,0.8261700098357433,0.8261700098357433,0.40081148713457093,0.43530256591225397
1,Shallow,Big,0:01:05.101127,0.27392755928880697,0.2648595782233614,0.9987660761220681,0.9990168884519505,0.9987660761220681,0.9987660761220681,0.016355644205623077,0.013694712449165071
1,Deep,Big,0:01:54.950657,0.20000055581986007,0.22610938309487483,0.9939256836740836,0.998934962489613,0.9939256836740836,0.9939256836740836,0.09624586039283894,0.016021147766107056
1,CNN,Big,0:11:37.463021,0.5202330740857489,0.4365817285279688,0.9996639313015389,0.9995318516437859,0.9996639313015389,0.9996639313015389,0.0013231002601275955,0.003848435692228448
1,LSTM,Big,0:02:23.180574,0.4552186298651636,0.40741921044893875,0.002818964306391881,0.0029727420617577864,0.002818964306391881,0.002818964306391881,0.007312781538859355,0.008500971625750734
1,RNN,Big,0:01:18.029363,0.4462433870090188,0.40981612810404305,0.9995134527798399,0.9994382219725431,0.9995134527798399,0.9995134527798399,0.002579491630357284,0.0032283353017455987
1,Shallow,Text,0:00:05.199429,0.5467724323528245,0.420243878364563,0.5030814565135224,0.505625,0.5030814565135224,0.5030814565135224,0.7083567052536583,0.697986102104187
1,Deep,Text,0:00:06.274701,0.0844685946055164,0.0,0.500669882292405,0.4965625,0.500669882292405,0.500669882292405,7.285395905902531,8.022898254394532
1,LSTM,Text,0:00:50.958601,0.9648839071760351,0.7541485548019409,0.5791800643725666,0.496875,0.5791800643725666,0.5791800643725666,0.14236821517715628,1.93834614276886
1,RNN,Text,0:00:17.743636,0.9966045735605532,0.6176812410354614,0.9966505889851692,0.614375,0.9966505889851692,0.9966505889851692,0.02532733047315162,0.8964176034927368
1,CNN,Text,0:00:18.448537,0.44736751981103534,0.410801944732666,0.5171489815875521,0.496875,0.5171489815875521,0.5171489815875521,7.73485494758794,8.059665069580078
1,Shallow,Image,0:00:56.030051,0.0,0.0,0.7783333381017049,0.7349999976158142,0.7783333381017049,0.7783333381017049,0.563577976822853,0.5753954350948334
1,Deep,Image,0:00:53.380234,0.0,0.0,0.7783333381017049,0.7349999976158142,0.7783333381017049,0.7783333381017049,0.5692523866891861,0.620673953294754
1,CNN,Image,0:01:01.915887,0.8607437163591385,0.8902250409126282,0.9466666599114736,0.9499999916553498,0.9466666599114736,0.9466666599114736,0.14202791781475146,0.13119141668081283
1,LSTM,Image,0:00:57.934930,0.0,0.0,0.0,0.0,0.0,0.0,3.5728444894154867,4.271295323371887
1,RNN,Image,0:00:56.024271,0.0,0.0,0.7783333381017049,0.7349999976158142,0.7783333381017049,0.7783333381017049,0.6879408677419027,0.6898748737573623
1,Shallow,TimeSeries,0:00:05.450732,0.0,0.0,0.7955257252825453,0.8037578249525178,0.7955257252825453,0.7955257252825453,0.5296342948405801,0.5125187089149539
1,Deep,TimeSeries,0:00:06.351668,0.0,0.0,0.7955257252825453,0.8037578249525178,0.7955257252825453,0.7955257252825453,0.4407579726420793,0.3871977902902193
1,CNN,TimeSeries,0:00:05.803371,0.5746594732831638,0.5998481856230412,0.8652037593264564,0.8012552351133594,0.8652037593264564,0.8652037593264564,0.3417433664316134,0.5464781989113556
1,LSTM,TimeSeries,0:00:07.451400,0.47401246144213166,0.5272789906757147,0.8423645343419633,0.8410041968194012,0.8423645343419633,0.8423645343419633,0.35657656352935324,0.4314427690027149
1,RNN,TimeSeries,0:00:06.006941,0.5234932578095822,0.5024976291417078,0.8513210938748788,0.8389121333924298,0.8513210938748788,0.8513210938748788,0.3540421178989009,0.3957581440275184
2,Shallow,Easy,0:00:08.626575,0.6377182505533825,0.6942710369142867,0.7440305633440173,0.7786259541984732,0.7440305633440173,0.7440305633440173,0.5354800098206502,0.5042398899566126
2,Deep,Easy,0:00:10.742514,0.714611396463917,0.6693928405528761,0.7994269345528531,0.7824427483191017,0.7994269345528531,0.7994269345528531,0.48820228383670905,0.4741234547309293
2,LSTM,Easy,0:00:13.814982,0.7633562452358184,0.7151061417037294,0.8271251196164456,0.7748091603053435,0.8271251196164456,0.8271251196164456,0.37707791580625566,0.7707461491795896
2,RNN,Easy,0:00:09.640598,0.7560650632283521,0.7169907477520804,0.8223495698020702,0.7938931297709924,0.8223495698020702,0.8223495698020702,0.40300388325365133,0.46260256394175175
2,CNN,Easy,0:00:16.973165,0.7646251466007834,0.7087425494012032,0.8309455583407521,0.8015267175572519,0.8309455583407521,0.8309455583407521,0.3852384236731069,0.4586845650017716
2,Shallow,Big,0:01:32.770430,0.3273637697020813,0.3738528206187051,0.9988914748901507,0.9991924440855307,0.9988914748901507,0.9988914748901507,0.009675195106940667,0.007826041970473189
2,Deep,Big,0:02:22.700925,0.2236818603215905,0.24518486438961637,0.9972863706610864,0.9989700736163291,0.9972863706610864,0.9972863706610864,0.04264036022023035,0.015421128012294531
2,CNN,Big,0:12:06.308516,0.5285771694969006,0.4782614843615133,0.9997542184145582,0.9995318516437859,0.9997542184145582,0.9997542184145582,0.0007973099833867021,0.0040457340543624465
2,LSTM,Big,0:02:58.080060,0.5092355015548565,0.46020849658807167,0.0016101201821793303,0.001217185726156619,0.0016101201821793303,0.0016101201821793303,0.005470287936933536,0.00618004100856049
2,RNN,Big,0:01:32.682150,0.4741616842535826,0.4437296773066867,0.999448245420437,0.9994733330992591,0.999448245420437,0.999448245420437,0.0028349284960873136,0.002821270584672006
2,Shallow,Text,0:00:07.343608,0.5715079319694291,0.3866307294368744,0.5066988208158478,0.4903125,0.5066988208158478,0.5066988208158478,0.7027071765509193,0.7087703967094421
2,Deep,Text,0:00:08.713311,0.3921095353869635,0.6700286626815796,0.5008038586806126,0.5040625,0.5008038586806126,0.5008038586806126,6.192000482626667,7.417872619628906
2,LSTM,Text,0:00:52.774285,0.9182718696446025,0.7058050155639648,0.7288317267023354,0.6315625,0.7288317267023354,0.7288317267023354,0.21940406019792424,1.328984308242798
2,RNN,Text,0:00:19.728617,0.9891901953427354,0.6295414566993713,0.9891479089456867,0.65,0.9891479089456867,0.9891479089456867,0.04498803424314543,0.7664464616775513
2,CNN,Text,0:00:20.391306,0.4669859552434531,0.5235567307472229,0.5103161846070938,0.5153125,0.5103161846070938,0.5103161846070938,7.82416688003213,7.735038452148437
2,Shallow,Image,0:00:59.891589,0.0,0.0,0.7783333381017049,0.7349999976158142,0.7783333381017049,0.7783333381017049,0.5600937197605769,0.5804406696557999
2,Deep,Image,0:00:56.736149,0.0,0.0,0.7783333381017049,0.7349999976158142,0.7783333381017049,0.7783333381017049,0.5836444179217021,0.6143557810783387
2,CNN,Image,0:01:05.336673,0.8494519213835399,0.8787119650840759,0.9416666607062022,0.9429999923706055,0.9416666607062022,0.9416666607062022,0.22581805338462194,0.24723005637526513
2,LSTM,Image,0:01:04.060578,0.0,0.0,0.0,0.0,0.0,0.0,3.5728444894154867,4.271295323371887
2,RNN,Image,0:01:00.525079,0.0,0.0,0.7783333381017049,0.7349999976158142,0.7783333381017049,0.7783333381017049,0.556148475408554,0.5928495466709137
2,Shallow,TimeSeries,0:00:08.249568,0.0,0.0,0.7964205835222932,0.8016701486264988,0.7964205835222932,0.7964205835222932,0.5012422577646755,0.48305640159668656
2,Deep,TimeSeries,0:00:09.019654,0.0,0.0,0.7964205835222932,0.8016701486264988,0.7964205835222932,0.7964205835222932,0.38424284528832575,0.3428397604841778
2,CNN,TimeSeries,0:00:08.368581,0.0,0.0,0.3824451411258891,0.11087866100993117,0.3824451411258891,0.3824451411258891,3.32034265968333,3.1190877998224362
2,LSTM,TimeSeries,0:00:10.036106,0.4331255999318271,0.47367247951579394,0.835647113644591,0.8368200712124174,0.835647113644591,0.835647113644591,0.35831402010625113,0.40914502665088764
2,RNN,TimeSeries,0:00:08.549802,0.4629545516621837,0.4466691762832418,0.8374384244460992,0.8284518741164746,0.8374384244460992,0.8374384244460992,0.3736789752109885,0.3980634651423498
3,Shallow,Easy,0:00:13.194447,0.6340051192608809,0.76850579394639,0.763132759641212,0.8282442752641576,0.763132759641212,0.763132759641212,0.5308496246137501,0.45215474148743023
3,Deep,Easy,0:00:14.922386,0.6578122401875093,0.6263316055290572,0.7488061132153216,0.5610687018350791,0.7488061132153216,0.7488061132153216,0.5788040351275614,0.6655178807163966
3,LSTM,Easy,0:00:17.981796,0.7566565922474793,0.7314567333869352,0.8357211083828435,0.7977099241191195,0.8357211083828435,0.8357211083828435,0.3788409280628962,0.5912266105185938
3,RNN,Easy,0:00:13.631688,0.7399886713897829,0.7284226945338358,0.8261700098357433,0.7977099236641222,0.8261700098357433,0.8261700098357433,0.41356346190488097,0.4073054103450921
3,CNN,Easy,0:00:21.563656,0.7312575034448502,0.6827319469160706,0.8261700093803114,0.7748091603053435,0.8261700093803114,0.8261700093803114,0.40032399278543285,0.4176601221543232
3,Shallow,Big,0:01:44.537912,0.2699020624385595,0.34749622371088673,0.9987811239742381,0.9989934810453013,0.9987811239742381,0.9987811239742381,0.01546617535066672,0.013097119328105452
3,Deep,Big,0:02:41.468996,0.1738570353419461,0.2838351890355289,0.9956160590702275,0.9988764439562478,0.9956160590702275,0.9956160590702275,0.06906431198368594,0.016608687861099616
3,CNN,Big,0:12:31.570177,0.5265923459477114,0.49196769043145905,0.9997391705623884,0.9995084442371367,0.9997391705623884,0.9997391705623884,0.0011309196707796282,0.003896030678778509
3,LSTM,Big,0:03:24.302280,0.4619162396044666,0.49795998385488216,0.0026233422280804047,0.032009643865686346,0.0026233422280804047,0.0026233422280804047,0.007338039370500757,0.008437743795124911
3,RNN,Big,0:01:48.839984,0.4366870600076848,0.477329360095601,0.9994131337653739,0.9993914071480832,0.9994131337653739,0.9994131337653739,0.0028125108696920357,0.002799374444388994
3,Shallow,Text,0:00:10.509316,0.5945508081430024,0.6541489911079407,0.5010718105306963,0.50125,0.5010718105306963,0.5010718105306963,0.7013261449809755,0.695097246170044
3,Deep,Text,0:00:23.145903,0.6074797749391578,0.6679184699058532,0.4961146834642813,0.5015625,0.4961146834642813,0.4961146834642813,6.666283069316214,7.663014869689942
3,LSTM,Text,0:00:56.013435,0.9416407418276591,0.740593204498291,0.6795284035760363,0.5603125,0.6795284035760363,0.6795284035760363,0.2886593607109587,1.7023002910614013
3,RNN,Text,0:00:22.900294,0.9772678020171669,0.642553551197052,0.9777599142550911,0.5525,0.9777599142550911,0.9777599142550911,0.09082961724502098,0.8979104375839233
3,CNN,Text,0:00:23.656611,0.6614233034344476,0.6626940083503723,0.5018756695307336,0.50125,0.5018756695307336,0.5018756695307336,7.927929895611566,7.930399627685547
3,Shallow,Image,0:01:05.263013,0.0,0.0,0.7783333381017049,0.7349999976158142,0.7783333381017049,0.7783333381017049,0.5671481092770895,0.5804716551303863
3,Deep,Image,0:01:01.944233,0.0,0.0,0.7783333381017049,0.7349999976158142,0.7783333381017049,0.7783333381017049,0.5643939554691315,0.6099484848976136
3,CNN,Image,0:01:10.100527,0.8651418705781301,0.8059001117944717,0.9416666607062022,0.9239999949932098,0.9416666607062022,0.9416666607062022,0.1562485517313083,0.20480480797588826
3,LSTM,Image,0:01:07.603033,0.3560236612955729,0.4096690231561661,0.0,0.0,0.0,0.0,12.408489863077799,11.717653274536133
3,RNN,Image,0:01:00.795729,0.0,0.0,0.7783333381017049,0.7349999976158142,0.7783333381017049,0.7783333381017049,0.6285670469204585,0.6398791402578354
3,Shallow,TimeSeries,0:00:10.781711,0.0,0.0,0.8013422810791323,0.790187883352188,0.8013422810791323,0.8013422810791323,0.5818387829484022,0.5791182669816783
3,Deep,TimeSeries,0:00:11.271386,0.0,0.0,0.8013422810791323,0.790187883352188,0.8013422810791323,0.8013422810791323,0.42700171862672637,0.3898783425075276
3,CNN,TimeSeries,0:00:10.743886,0.5174463433745299,0.4740409649066845,0.85400806189224,0.8462343210954546,0.85400806189224,0.85400806189224,0.32489284704845156,0.41014777392024276
3,LSTM,TimeSeries,0:00:12.621040,0.4646895496876209,0.48446375081728693,0.8423645341551149,0.8347280222501715,0.8423645341551149,0.8423645341551149,0.35710544333669353,0.4370768484211367
3,RNN,TimeSeries,0:00:11.023526,0.5327893977895533,0.5000409860491254,0.8562472005409346,0.8389121466101962,0.8562472005409346,0.8562472005409346,0.3496121073244294,0.39147094727560067
4,Shallow,Easy,0:00:16.398233,0.6093362593719133,0.6827505977099179,0.7507163322074365,0.7900763354228653,0.7507163322074365,0.7507163322074365,0.5407097024528208,0.47936150317883675
4,Deep,Easy,0:02:16.009925,0.6126044220660227,0.7408565523970219,0.749761223052953,0.8015267171022546,0.749761223052953,0.749761223052953,0.5527509249953168,0.5157567990645198
8,Shallow,Easy,0:00:04.773942,0.6430788484776487,0.6735215837718876,0.7468958930846271,0.7328244270259188,0.7468958930846271,0.7468958930846271,0.5266930260255207,0.5225860114770992
8,Deep,Easy,0:00:05.371572,0.2749580284927499,0.0,0.6227316135663358,0.6183206111420202,0.6227316135663358,0.6227316135663358,4.1016387488575585,4.6726714017737
8,LSTM,Easy,0:00:07.102154,0.7663545582333176,0.6900405519791232,0.8309455585684681,0.7633587786259542,0.8309455585684681,0.8309455585684681,0.3763587543991712,0.7412569062172911
8,RNN,Easy,0:00:03.861066,0.7691099972187505,0.7148971193619357,0.8290353386654895,0.7862595419847328,0.8290353386654895,0.8290353386654895,0.4030213714101367,0.4703260244986483
8,CNN,Easy,0:00:10.598715,0.7750620508376143,0.7012679049076925,0.8366762171388241,0.7824427480916031,0.8366762171388241,0.8366762171388241,0.38131710331897684,0.48061547058684223
8,Shallow,Big,0:00:47.991215,0.3178656273005286,0.36995252207234275,0.9989416343973837,0.9990285921608558,0.9989416343973837,0.9989416343973837,0.012531643850451735,0.011933176652168736
8,Deep,Big,0:01:32.486638,0.16591733977025494,0.2635464229618955,0.994066130294336,0.9987945179827488,0.994066130294336,0.994066130294336,0.09392741942631709,0.018847382237833187
8,CNN,Big,0:11:36.302584,0.5169033120647699,0.49019798033609385,0.9997441865131117,0.9994733330992591,0.9997441865131117,0.9997441865131117,0.0007853067424015897,0.004645918916587967
8,LSTM,Big,0:01:59.020534,0.48255102484010154,0.49299438260026096,0.0026684857845901055,0.0026684456303194557,0.0026684857845901055,0.0026684857845901055,0.005705047555569235,0.00718051506378379
8,RNN,Big,0:00:52.846878,0.441778324593013,0.4735622137396746,0.999448245420437,0.9993914071369217,0.999448245420437,0.999448245420437,0.002710007387861108,0.0030331158521679997
8,Shallow,Text,0:00:02.761252,0.575588870022969,0.6564094686508178,0.4947749201252274,0.501875,0.4947749201252274,0.4947749201252274,0.7012793200703423,0.69577139377594
8,Deep,Text,0:00:04.089370,0.4024051133970483,0.6675611138343811,0.4894158622970663,0.50125,0.4894158622970663,0.4894158622970663,6.155357558116524,6.291459083557129
8,LSTM,Text,0:00:50.292998,0.9636349028968607,0.7424258995056152,0.6771168272467161,0.55625,0.6771168272467161,0.6771168272467161,0.1281731542826721,1.6725314617156983
8,RNN,Text,0:00:15.478507,0.9960895447741239,0.6390172576904297,0.9961146846461526,0.61375,0.9961146846461526,0.9961146846461526,0.031315156197752346,0.8654708456993103
8,CNN,Text,0:00:16.442925,0.32392235584197704,0.26233296275138857,0.5116559490641341,0.5090625,0.5116559490641341,0.5116559490641341,7.838546506078297,7.88859260559082
8,Shallow,Image,0:00:53.691816,0.0,0.0,0.776666671037674,0.7349999976158142,0.776666671037674,0.776666671037674,0.5520764688650767,0.5601182651519775
8,Deep,Image,0:00:50.356113,0.024444441000620525,0.0,0.7800000051657359,0.7349999976158142,0.7800000051657359,0.7800000051657359,0.5849516173203786,0.6065046948194504
8,CNN,Image,0:01:00.380485,0.8787441909313202,0.860256325006485,0.9483333249886831,0.9389999890327454,0.9483333249886831,0.9483333249886831,0.14040861918280523,0.1507819176465273
8,LSTM,Image,0:00:54.164996,0.0,0.0,0.0,0.0,0.0,0.0,3.5728444894154867,4.271295323371887
8,RNN,Image,0:00:50.253401,0.0,0.0,0.7783333381017049,0.7349999976158142,0.7783333381017049,0.7783333381017049,0.5817428678274155,0.6070671957731247
8,Shallow,TimeSeries,0:00:03.670358,0.0,0.0,0.7995525728936164,0.7943632465812508,0.7995525728936164,0.7995525728936164,0.5879587095589179,0.5854275854992718
8,Deep,TimeSeries,0:00:04.139908,0.0,0.0,0.7995525728936164,0.7943632465812508,0.7995525728936164,0.7995525728936164,0.45724516480294386,0.43274335280091875
8,CNN,TimeSeries,0:00:03.497027,0.6014556768919607,0.5276150481471457,0.8746081514578468,0.8608786518603688,0.8746081514578468,0.8746081514578468,0.2802466724653496,0.36830742102287806
8,LSTM,TimeSeries,0:00:05.200828,0.4281177063373723,0.47696357466685724,0.8325123138028413,0.8326359720409665,0.8325123138028413,0.8325123138028413,0.3769764990962465,0.425553203127873
8,RNN,TimeSeries,0:00:03.879968,0.5007185059121196,0.48587665797277474,0.8459471540498029,0.8357740580786223,0.8459471540498029,0.8459471540498029,0.3541958207941034,0.389441682953216
9,Shallow,Easy,0:00:05.485207,0.6597090557630333,0.7074960379200127,0.7679083095125164,0.7824427485466003,0.7679083095125164,0.7679083095125164,0.5093236040989331,0.47612413058754144
9,Deep,Easy,0:00:08.396505,0.4463807802287988,0.42618254213842727,0.6466093601333378,0.7175572523633942,0.6466093601333378,0.6466093601333378,1.3233492228681971,0.5403014375963284
9,LSTM,Easy,0:00:10.053703,0.0,0.0,0.08787010490552744,0.053435114617566115,0.08787010490552744,0.08787010490552744,6.1578206524124806,6.151944837497391
9,RNN,Easy,0:00:06.706680,0.7673834961943093,0.6730438944037634,0.836676217594256,0.7786259546534706,0.836676217594256,0.836676217594256,0.4052454594668595,0.43214195329724375
9,CNN,Easy,0:00:13.342583,0.7294435731376367,0.6795166275883449,0.8175740210693454,0.7862595424397301,0.8175740210693454,0.8175740210693454,0.40342667454065545,0.4567699505172613
9,Shallow,Big,0:01:01.790981,0.27814465403731425,0.28063929644759744,0.9989015067915973,0.9988530365272755,0.9989015067915973,0.9989015067915973,0.014330808156433244,0.016600958611630513
9,Deep,Big,0:01:50.288465,0.17341987039239187,0.21784857207522257,0.9962881964695415,0.9987477031471274,0.9962881964695415,0.9962881964695415,0.05874074901199692,0.019907215409403108
9,CNN,Big,0:12:06.718186,0.528708021550033,0.46833831432440703,0.9997943460203447,0.9994382219725431,0.9997943460203447,0.9997943460203447,0.0007821592123546764,0.004701097547670372
9,LSTM,Big,0:02:28.501201,0.48281529518936134,0.4867146967050128,0.005663008366503034,0.004037779572144828,0.005663008366503034,0.005663008366503034,0.006903921826559944,0.008457078453524688
9,RNN,Big,0:01:07.671678,0.46686820305000565,0.48072239881697904,0.9995184687305632,0.9994499256814484,0.9995184687305632,0.9995184687305632,0.0024725981122908276,0.002970971197105787
9,Shallow,Text,0:00:04.863165,0.560353576562029,0.48187248229980467,0.5050911046684363,0.503125,0.5050911046684363,0.5050911046684363,0.712607275251407,0.6977223467826843
9,Deep,Text,0:00:06.152906,0.666827254101139,0.6618755507469177,0.5002679530319549,0.4953125,0.5002679530319549,0.5002679530319549,7.807581928126426,7.531626434326172
9,LSTM,Text,0:00:51.338400,0.950014037909615,0.6909554266929626,0.5243837095533537,0.57,0.5243837095533537,0.5243837095533537,0.6385694096006637,1.6960930347442627
9,RNN,Text,0:00:17.817601,0.8483286127527938,0.5910115003585815,0.8595927107883548,0.6571875,0.8595927107883548,0.8595927107883548,0.30771001723034974,0.8027008104324341
9,CNN,Text,0:00:18.437057,0.6427217415930246,0.6263561511039734,0.5235798504574889,0.5053125,0.5235798504574889,0.5235798504574889,7.507802004471725,7.790133857727051
9,Shallow,Image,0:00:56.987646,0.0,0.0,0.7783333381017049,0.7349999976158142,0.7783333381017049,0.7783333381017049,0.5609322428703308,0.5855482673645019
9,Deep,Image,0:00:53.421326,0.0,0.0,0.7783333381017049,0.7349999976158142,0.7783333381017049,0.7783333381017049,0.5749798307816187,0.6078445386886596
9,CNN,Image,0:01:04.201529,0.8367411881685257,0.8953827774524689,0.9299999952316285,0.951999990940094,0.9299999952316285,0.9299999952316285,0.17226565399517615,0.14288194946944713
9,LSTM,Image,0:01:00.314168,0.3560236612955729,0.4096690231561661,0.0,0.0,0.0,0.0,12.408489863077799,11.717653274536133
9,RNN,Image,0:00:54.138707,0.0,0.0,0.7783333381017049,0.7349999976158142,0.7783333381017049,0.7783333381017049,0.5499606311321259,0.5899259942770004
9,Shallow,TimeSeries,0:00:05.410171,0.0,0.0,0.8004474264930025,0.792275561793612,0.8004474264930025,0.8004474264930025,0.5700883154901082,0.5697844007318851
9,Deep,TimeSeries,0:00:06.414426,0.0,0.0,0.8004474264930025,0.792275561793612,0.8004474264930025,0.8004474264930025,0.39399354935225755,0.3848826923176242
9,CNN,TimeSeries,0:00:05.830344,0.641632417499672,0.5435348202992683,0.8786386022426812,0.8661087893541887,0.8786386022426812,0.8786386022426812,0.2664709472891145,0.3858371277234544
9,LSTM,TimeSeries,0:00:07.547786,0.42032049177902675,0.4324852726948311,0.8334079700577596,0.8368200844301839,0.8334079700577596,0.8334079700577596,0.36403086569295356,0.40098288605402704
9,RNN,TimeSeries,0:00:06.141285,0.5392500470157594,0.5147259587024545,0.8589341672236643,0.8483263555929751,0.8589341672236643,0.8589341672236643,0.34137291898654815,0.375539149449959
10,Shallow,Easy,0:00:08.595972,0.6139517708289247,0.6627846564955384,0.734479464967704,0.7480916035084324,0.734479464967704,0.734479464967704,0.5556044363645337,0.5115826079863628
10,Deep,Easy,0:00:10.777849,0.32587995629939104,0.6690340042114258,0.6332378226342151,0.6374045801526718,0.6332378226342151,0.6332378226342151,1.9533952513305823,1.8191759699514805
10,LSTM,Easy,0:00:13.813807,0.754737056542718,0.724445816214758,0.8280802286570712,0.767175572519084,0.8280802286570712,0.8280802286570712,0.4073914919678325,0.6786941153402547
10,RNN,Easy,0:00:12.303595,0.7500206511022938,0.7258823586784247,0.8290353390639924,0.7977099232091248,0.8290353390639924,0.8290353390639924,0.40554058379578156,0.4493916041523446
10,CNN,Easy,0:00:17.287024,0.7470152017152526,0.7713662941037244,0.8280802290555741,0.816793893129771,0.8280802290555741,0.8280802290555741,0.3947835048552115,0.4438264849986739
10,Shallow,Big,0:01:26.881453,0.31588947573743487,0.30383805121525875,0.9988262675355314,0.9990637032987334,0.9988262675355314,0.9988262675355314,0.012018197373938416,0.012492469698936415
10,Deep,Big,0:02:14.668247,0.2628090286859528,0.1901841285574932,0.9985253104873498,0.9988062217028156,0.9985253104873498,0.9985253104873498,0.0226591765603306,0.01818942083067469
10,CNN,Big,0:12:38.960384,0.5112522325774348,0.43027041558908624,0.9996689472522622,0.9994616294015153,0.9996689472522622,0.9996689472522622,0.0014105651269622837,0.0038992606750565353
10,LSTM,Big,0:03:00.697193,0.4783576934257874,0.4116322836205889,0.00318011275857226,0.0020130379315189137,0.00318011275857226,0.00318011275857226,0.006188740339802316,0.006042686438398868
10,RNN,Big,0:01:28.923684,0.45137767868668066,0.3998141374582488,0.9994081178146506,0.999403110845827,0.9994081178146506,0.9994081178146506,0.002669661039569348,0.002841700980646832
10,Shallow,Text,0:00:07.388994,0.3430838952397994,0.33967282593250275,0.5072347273908372,0.499375,0.5072347273908372,0.5072347273908372,0.7064036237592993,0.6976395988464356
10,Deep,Text,0:00:08.742284,0.3733122709735286,0.6780271697044372,0.49611468394341834,0.513125,0.49611468394341834,0.49611468394341834,6.397464414373727,7.2861175537109375
10,LSTM,Text,0:00:53.834427,0.9677063496294257,0.7323719215393066,0.6334405145333383,0.5321875,0.6334405145333383,0.6334405145333383,0.12433628606163803,1.8009680461883546
10,RNN,Text,0:00:20.497518,0.9615793566739572,0.6633181667327881,0.9587352615716245,0.680625,0.9587352615716245,0.9587352615716245,0.10154273066697653,0.7531461334228515
10,CNN,Text,0:00:21.237919,0.5309219161030564,0.4757270812988281,0.5203644167571972,0.5040625,0.5203644167571972,0.5203644167571972,7.642387986566476,7.932267036437988
10,Shallow,Image,0:00:58.702778,0.0,0.0,0.7783333381017049,0.7349999976158142,0.7783333381017049,0.7783333381017049,0.5406373570362727,0.5713365060091019
10,Deep,Image,0:01:00.022093,0.016666666666666666,0.0,0.7716666678587596,0.7349999976158142,0.7716666678587596,0.7716666678587596,0.5787905057271322,0.6164062058925629
10,CNN,Image,0:01:11.382157,0.8795409123102824,0.8912269866466522,0.9516666611035665,0.9499999928474426,0.9516666611035665,0.9516666611035665,0.13614271823316812,0.13525640606880188
10,LSTM,Image,0:01:05.877284,0.0,0.0,0.7783333381017049,0.7349999976158142,0.7783333381017049,0.7783333381017049,3.5728444894154867,4.271295323371887
10,RNN,Image,0:00:57.627121,0.0,0.0,0.7783333381017049,0.7349999976158142,0.7783333381017049,0.7783333381017049,0.6311418881018956,0.6418808674812317
10,Shallow,TimeSeries,0:00:07.979009,0.0,0.0,0.7986577192942301,0.7964509313688896,0.7986577192942301,0.7986577192942301,0.5432420718323198,0.5377872636024539
10,Deep,TimeSeries,0:00:09.047374,0.0,0.0,0.7986577192942301,0.7964509313688896,0.7986577192942301,0.7986577192942301,0.434801820033882,0.4081159672060192
10,CNN,TimeSeries,0:00:08.252162,0.6062700258900753,0.5453317262637565,0.8696820398536542,0.8577405935052049,0.8696820398536542,0.8696820398536542,0.2949272244568102,0.4029053063073418
10,LSTM,TimeSeries,0:00:10.092309,0.45652175155179253,0.49352017556274286,0.8410210483446817,0.8368200844301839,0.8410210483446817,0.8410210483446817,0.3621358025570488,0.4197799029709405
10,RNN,TimeSeries,0:00:08.565394,0.5053043006996483,0.48927915420492324,0.8513210921665504,0.8410041968194012,0.8513210921665504,0.8513210921665504,0.3529631576888293,0.38599676180584164
11,Shallow,Easy,0:00:12.383431,0.6118687207969804,0.7236406093335334,0.7516714427282156,0.8129770992366412,0.7516714427282156,0.7516714427282156,0.527198334307247,0.4692142892429847
11,Deep,Easy,0:00:14.892261,0.49111666313328967,0.6535652821300594,0.6618911171369362,0.7137404584702645,0.6618911171369362,0.6618911171369362,3.251864538948766,2.6535689666981006
11,LSTM,Easy,0:00:17.747003,0.7397745335341183,0.7773326658110582,0.822349570485218,0.8015267171022546,0.822349570485218,0.822349570485218,0.4202156309981287,0.8159272167973846
11,RNN,Easy,0:00:13.661033,0.7493406829656366,0.7840364284187783,0.8338108878536461,0.8358778621404226,0.8338108878536461,0.8338108878536461,0.4086040911952313,0.40191543989509115
11,CNN,Easy,0:00:21.214710,0.7215786938339387,0.733331314935029,0.8204393509807423,0.805343511905379,0.8204393509807423,0.8204393509807423,0.40982994491300245,0.42986104665821745
11,Shallow,Big,0:01:39.871691,0.3245428590511822,0.33234371881201596,0.9988814429910958,0.9989466661985184,0.9988814429910958,0.9988814429910958,0.012393826771735972,0.013152963121785374
11,Deep,Big,0:02:34.096001,0.1423789206779763,0.30445127245089104,0.9920747978571859,0.998934962511936,0.9920747978571859,0.9920747978571859,0.12494998413995842,0.016126283149050347
11,CNN,Big,0:13:11.591358,0.4991170397511058,0.4690822584665362,0.9997140908087719,0.9993797034280163,0.9997140908087719,0.9997140908087719,0.00119170642768899,0.004695632880317257
11,LSTM,Big,0:03:53.517003,0.4783271192100352,0.4694246774939575,0.002482895608033547,0.0028674086800781775,0.002482895608033547,0.002482895608033547,0.005197849978227039,0.008253965001233031
11,RNN,Big,0:02:04.474393,0.47398569407809116,0.4690822595380427,0.9995535803856263,0.9993562960102056,0.9995535803856263,0.9995535803856263,0.0025124481958397555,0.0035380607828166943
11,Shallow,Text,0:00:10.713955,0.17356698040921334,0.27982190787792205,0.4993301172604004,0.49375,0.4993301172604004,0.4993301172604004,0.7001358579848229,0.7002229762077331
11,Deep,Text,0:00:11.979092,0.6175660606621418,0.661506667137146,0.49919614199017914,0.494375,0.49919614199017914,0.49919614199017914,7.337051218856697,7.130054588317871
11,LSTM,Text,0:00:56.796258,0.9365925026093265,0.742552011013031,0.7846998931382886,0.61125,0.7846998931382886,0.7846998931382886,0.16914991924233758,1.3779122352600097
11,RNN,Text,0:00:23.259845,0.9477952498331714,0.670389997959137,0.957395498328398,0.5159375,0.957395498328398,0.957395498328398,0.10659781737215138,2.135626573562622
11,CNN,Text,0:00:24.277917,0.5126565140607144,0.4420993399620056,0.516345122811112,0.514375,0.516345122811112,0.516345122811112,7.686571843371131,7.702294540405274
11,Shallow,Image,0:01:05.333204,0.0,0.0,0.7783333381017049,0.7349999976158142,0.7783333381017049,0.7783333381017049,0.5604184259970982,0.5748495560884476
11,Deep,Image,0:01:01.409984,0.0,0.0,0.7783333381017049,0.7349999976158142,0.7783333381017049,0.7783333381017049,0.5888779709736506,0.6088349533081054
11,CNN,Image,0:01:11.605069,0.8816847761472066,0.8998247766494751,0.951666659116745,0.9509999930858613,0.951666659116745,0.951666659116745,0.12721345570559303,0.12888877637684346
11,LSTM,Image,0:01:05.958750,0.3560236612955729,0.4096690231561661,0.0,0.0,0.0,0.0,12.408489863077799,11.717653274536133
11,RNN,Image,0:01:01.563751,0.0,0.0,0.7783333381017049,0.7349999976158142,0.7783333381017049,0.7783333381017049,0.560110138853391,0.594833692908287
11,Shallow,TimeSeries,0:00:10.427729,0.0,0.0,0.7928411644843868,0.8100208772000291,0.7928411644843868,0.7928411644843868,0.5620389420714155,0.5425819716025494
11,Deep,TimeSeries,0:00:11.548239,0.0,0.0,0.7928411644843868,0.8100208772000291,0.7928411644843868,0.7928411644843868,0.4788527938076847,0.42272657342643977
11,CNN,TimeSeries,0:00:11.037712,0.43759977521247195,0.34673202898213057,0.8419167047864484,0.8378660950700608,0.8419167047864484,0.8419167047864484,0.3797424693332891,0.3721917782867304
11,LSTM,TimeSeries,0:00:13.036147,0.4726265112594591,0.5040975444985234,0.8428123591461899,0.8347280210032124,0.8428123591461899,0.8428123591461899,0.3512768949354063,0.4109887957074153
12,Shallow,Easy,0:00:04.341067,0.6477058398347871,0.6647779304562634,0.755491882021812,0.7709923659572164,0.755491882021812,0.755491882021812,0.5053035119030742,0.5102638825205447
12,Deep,Easy,0:00:05.849598,0.46766359035242366,0.6099060910348674,0.6456542507511382,0.6106870230145127,0.6456542507511382,0.6456542507511382,3.167355194246644,4.58593838087475
12,LSTM,Easy,0:00:07.527107,0.7693927445748702,0.5259196303272975,0.8290353395194242,0.7404580148121783,0.8290353395194242,0.8290353395194242,0.3939559124374572,1.2581438490452657
12,RNN,Easy,0:00:04.123330,0.7542019050351301,0.6646776053741688,0.8280802296817928,0.7595419851878217,0.8280802296817928,0.8280802296817928,0.396105292732645,0.5095476831188639
12,CNN,Easy,0:00:10.839556,0.7578203246609415,0.6760642728732742,0.8357211077566247,0.7633587790809515,0.8357211077566247,0.8357211077566247,0.38817149545879964,0.5277237077705733
12,Shallow,Big,0:00:49.798310,0.27758821659750565,0.27738633988528444,0.9988062037326382,0.9989817773252344,0.9988062037326382,0.9988062037326382,0.015410813826669041,0.014431197731802197
12,Deep,Big,0:01:36.493440,0.21387526697232404,0.22245693835181057,0.9976425031624407,0.9988764439450862,0.9976425031624407,0.9976425031624407,0.03671942461281109,0.01737235798426744
12,CNN,Big,0:12:14.868373,0.5350958312754384,0.3920960481301085,0.999799361971068,0.9993914071369217,0.999799361971068,0.999799361971068,0.000764687689511965,0.004729634320740035
12,LSTM,Big,0:02:06.685004,0.47664150558652,0.42559585115005855,0.0024377520513183012,0.002996149479770139,0.0024377520513183012,0.0024377520513183012,0.006416085170865348,0.009373445160883969
12,RNN,Big,0:00:56.586526,0.44387792768405876,0.3831932091354946,0.9994733251740535,0.9992743700478681,0.9994733251740535,0.9994733251740535,0.002541396790928421,0.0035562459727726467
12,Shallow,Text,0:00:02.845379,0.6380231233527295,0.6305404090881348,0.5021436227224009,0.491875,0.5021436227224009,0.5021436227224009,0.6994535013921519,0.6983531379699707
12,Deep,Text,0:00:04.347337,0.2917375385697376,0.0024060148000717165,0.49933011789924975,0.5090625,0.49933011789924975,0.49933011789924975,7.328356879317109,7.662918930053711
12,LSTM,Text,0:00:51.916311,0.9559286607295626,0.737700593471527,0.5900321554268799,0.5153125,0.5900321554268799,0.5900321554268799,0.18342580306887754,1.7384667444229125
12,RNN,Text,0:00:16.628271,0.3694879115586112,0.663740017414093,0.5525187572737854,0.50875,0.5525187572737854,0.5525187572737854,1.0209126315316204,0.8822894549369812
12,CNN,Text,0:00:17.236367,0.4567073029720515,0.474576358795166,0.5083065390714623,0.4996875,0.5083065390714623,0.5083065390714623,7.825502196308884,7.943680324554443
12,Shallow,Image,0:00:57.432827,0.0,0.0,0.7783333381017049,0.7349999976158142,0.7783333381017049,0.7783333381017049,0.6488345702489217,0.6517833077907562
12,Deep,Image,0:00:54.257756,0.011111109455426534,0.0,0.7800000051657359,0.7349999976158142,0.7800000051657359,0.7800000051657359,0.5715760966142018,0.6153959047794342
12,CNN,Image,0:01:03.874071,0.8187687993049622,0.7859822857379913,0.923333328962326,0.9149999916553497,0.923333328962326,0.923333328962326,0.187170268719395,0.20073755018413067
12,LSTM,Image,0:00:58.106238,0.3560236612955729,0.4096690231561661,0.0,0.0,0.0,0.0,12.408489863077799,11.717653274536133
12,RNN,Image,0:00:53.496046,0.0,0.0,0.7783333381017049,0.7349999976158142,0.7783333381017049,0.7783333381017049,0.5831995318333308,0.6079680746793747
12,Shallow,TimeSeries,0:00:03.645198,0.3799203502785173,0.445065595536242,0.8384787470969044,0.8643006380017466,0.8384787470969044,0.8384787470969044,0.6580453017147329,0.654278008823355
12,Deep,TimeSeries,0:00:04.334806,0.0,0.0,0.7932885911374017,0.8089770274022925,0.7932885911374017,0.7932885911374017,0.40747868100002044,0.33744142081642947
12,CNN,TimeSeries,0:00:03.627014,0.5408658388746836,0.4136565590752717,0.8598298229180373,0.8462343066307292,0.8598298229180373,0.8598298229180373,0.30316379472806854,0.37519695556812205
12,LSTM,TimeSeries,0:00:05.614393,0.0,0.0,0.793999103836772,0.8064853556485355,0.793999103836772,0.793999103836772,3.32034265968333,3.1190877998224362
12,RNN,TimeSeries,0:00:03.979760,0.46810248890533823,0.46827595303746944,0.8401253928371571,0.8326359865056919,0.8401253928371571,0.8401253928371571,0.36704731780319966,0.39413286814131
13,Shallow,Easy,0:00:05.748557,0.6042734367458048,0.6189616436266717,0.7000955104144733,0.7366412209190485,0.7000955104144733,0.7000955104144733,0.563480990834769,0.5210141573698466
13,Deep,Easy,0:00:08.858828,0.4887802989685547,0.6008890239337018,0.6790830946128029,0.7786259541984732,0.6790830946128029,0.6790830946128029,1.967607280017084,2.4058048594110395
13,LSTM,Easy,0:00:10.713232,0.7505526097478931,0.6587069999170667,0.8156638007109349,0.778625953743476,0.8156638007109349,0.8156638007109349,0.4284605867484693,0.6684245223762425
13,RNN,Easy,0:00:07.070092,0.7643298757793568,0.6604747772216797,0.8299904482754049,0.7824427476366058,0.8299904482754049,0.8299904482754049,0.4043600353720992,0.46663973088027866
13,CNN,Easy,0:00:13.973078,0.7631495625150694,0.6636095702193165,0.8261700097788143,0.8015267175572519,0.8261700097788143,0.8261700097788143,0.3861126986962904,0.4706832775632844
13,Shallow,Big,0:01:06.335576,0.2602897820538061,0.29704677535846263,0.9987560442206216,0.9990519995786665,0.9987560442206216,0.9987560442206216,0.012124925819635568,0.012346180478688755
13,Deep,Big,0:01:57.714068,0.1311912219146624,0.1732059486483542,0.9916986015529383,0.9988296291094648,0.9916986015529383,0.9916986015529383,0.1320707500792788,0.018777760159839868
13,CNN,Big,0:12:49.524177,0.5660605793868349,0.4543018060017214,0.9997742822174515,0.9995435553638528,0.9997742822174515,0.9997742822174515,0.0007964781696675027,0.004192365377857853
13,LSTM,Big,0:02:30.699699,0.0,0.0,0.655434281005252,0.6563556991663951,0.655434281005252,0.655434281005252,0.028781829377868787,0.025655337319677306
13,RNN,Big,0:01:11.430458,0.4375748064422255,0.3971324259132939,0.9994382135213822,0.9993797034280163,0.9994382135213822,0.9994382135213822,0.0027123868190517026,0.002776203353289304
13,Shallow,Text,0:00:05.007542,0.5692088611000732,0.6500489830970764,0.5030814581106458,0.5015625,0.5030814581106458,0.5030814581106458,0.7064845064956403,0.7031487464904785
13,Deep,Text,0:00:06.555584,0.6668629861593502,0.6645695853233338,0.5008038581375908,0.498125,0.5008038581375908,0.5008038581375908,7.798446043000216,7.843320846557617
13,LSTM,Text,0:00:54.592198,0.9609547082378678,0.7394608783721924,0.6574222940596226,0.550625,0.6574222940596226,0.6574222940596226,0.12406360141589583,1.555856738090515
13,RNN,Text,0:00:18.754264,0.9944387464789077,0.69607004404068,0.9945069657516888,0.6846875,0.9945069657516888,0.9945069657516888,0.05316254783657331,0.6829819083213806
13,CNN,Text,0:00:19.592002,0.1108206412799872,0.13367561548948287,0.5065648456733965,0.50875,0.5065648456733965,0.5065648456733965,7.930094461860125,7.90870964050293
13,Shallow,Image,0:01:00.350044,0.0,0.0,0.7783333381017049,0.7349999976158142,0.7783333381017049,0.7783333381017049,0.5695095757643381,0.5853382688760758
13,Deep,Image,0:00:58.800289,0.0,0.0,0.7783333381017049,0.7349999976158142,0.7783333381017049,0.7783333381017049,0.5916484296321869,0.6054238510131836
13,CNN,Image,0:01:09.085251,0.8454709897438685,0.6778293120861053,0.928333330154419,0.8859999942779541,0.928333330154419,0.928333330154419,0.17064783001939457,0.2735313165187836
13,LSTM,Image,0:01:02.356997,0.3560236612955729,0.4096690231561661,0.0,0.0,0.0,0.0,12.408489863077799,11.717653274536133
13,RNN,Image,0:00:57.385028,0.0,0.0,0.7783333381017049,0.7349999976158142,0.7783333381017049,0.7783333381017049,0.5528554866711298,0.591266582608223
13,Shallow,TimeSeries,0:00:05.316341,0.0,0.0,0.7928411651777741,0.810020883795115,0.7928411651777741,0.7928411651777741,0.5796608840059114,0.567251524372738
13,Deep,TimeSeries,0:00:06.386975,0.0,0.0,0.7928411651777741,0.810020883795115,0.7928411651777741,0.7928411651777741,0.40780125793727984,0.34360253754886555
13,CNN,TimeSeries,0:00:05.781824,0.5971605956314179,0.47824818419612103,0.8696820430834625,0.8566945526889178,0.8696820430834625,0.8696820430834625,0.28303358930405403,0.37912352289614815
13,LSTM,TimeSeries,0:00:07.869621,0.4537262993172792,0.4627667568218758,0.8410210468232018,0.8368200844301839,0.8410210468232018,0.8410210468232018,0.35100933777287674,0.3957149065937457
13,RNN,TimeSeries,0:00:06.294352,0.5153621615073738,0.47326424032075637,0.8477384659990942,0.8336820103633353,0.8477384659990942,0.8477384659990942,0.34956619880202633,0.3836036864434326
14,Shallow,Easy,0:00:09.161694,0.6314002530508761,0.6719259815361663,0.7488061127598898,0.7786259541984732,0.7488061127598898,0.7488061127598898,0.5280482548127998,0.4711087962598291
14,Deep,Easy,0:00:11.855561,0.0,0.0,0.6055396367166878,0.6679389317527072,0.6055396367166878,0.6055396367166878,6.3579498284639575,5.352192008768329
14,LSTM,Easy,0:00:16.705761,0.7570935072734909,0.6642627242867273,0.8156638011663668,0.7786259541984732,0.8156638011663668,0.8156638011663668,0.4317430121452328,0.7962640564860278
14,RNN,Easy,0:00:10.537120,0.7680955977244045,0.6529467488063201,0.8319006688046022,0.7748091603053435,0.8319006688046022,0.8319006688046022,0.3994364995498712,0.5128494404426968
14,CNN,Easy,0:00:17.649556,0.7600551222547989,0.6368335112360598,0.8290353395194242,0.7938931297709924,0.8290353395194242,0.8290353395194242,0.3804902195816623,0.5339264324830688
14,Shallow,Big,0:01:26.355589,0.28886572886679546,0.25507215592273047,0.9988513472867561,0.9988881476651531,0.9988513472867561,0.9988513472867561,0.014849129683137455,0.015425786213438814
14,Deep,Big,0:02:22.044629,0.2012036108611395,0.2448852488344523,0.9971308761862724,0.9988998513740585,0.9971308761862724,0.9971308761862724,0.04466394507743347,0.016679885734119722
14,CNN,Big,0:13:16.978642,0.5270489053811727,0.4727822630485203,0.9997040589097171,0.9992977774656788,0.9997040589097171,0.9997040589097171,0.0010240714100640453,0.003878488531330193
14,LSTM,Big,0:02:48.339553,0.49193095035431095,0.44790946984198154,0.0021518428602957406,0.0013225191062039637,0.0021518428602957406,0.0021518428602957406,0.0057215231310732756,0.0066905504858836345
14,RNN,Big,0:01:27.710581,0.46725209294088565,0.4309027558919309,0.9994582773218836,0.9993562960102056,0.9994582773218836,0.9994582773218836,0.002700999710899994,0.002969087788065058
14,Shallow,Text,0:00:07.368819,0.22409040676499742,0.4683626306056976,0.5048231514128841,0.503125,0.5048231514128841,0.5048231514128841,0.7047392740638054,0.6973830413818359
14,Deep,Text,0:00:08.964936,0.479731740116562,0.0024530074000358583,0.4908896038769909,0.488125,0.4908896038769909,0.4908896038769909,7.592306142195755,7.770404739379883
14,LSTM,Text,0:00:58.833479,0.9520931385082192,0.7543069672584534,0.7198553048912735,0.5896875,0.7198553048912735,0.7198553048912735,0.15761017422456322,1.3880057668685912
14,RNN,Text,0:00:21.158240,0.9978226787407681,0.6206788897514344,0.9978563772775991,0.6015625,0.9978563772775991,0.9978563772775991,0.038100667309818544,0.8761870718002319
14,CNN,Text,0:00:22.004717,0.43663086199939316,0.44952534437179564,0.5046891740664026,0.4921875,0.5046891740664026,0.5046891740664026,7.896168139458725,8.080727272033691
14,Shallow,Image,0:01:02.771126,0.0,0.0,0.7783333381017049,0.7349999976158142,0.7783333381017049,0.7783333381017049,0.5692846794923146,0.5800585293769837
14,Deep,Image,0:01:03.344305,0.0,0.0,0.776666671037674,0.7349999976158142,0.776666671037674,0.776666671037674,0.5769236356019973,0.5993364334106446
14,CNN,Image,0:01:14.405388,0.8726230939229329,0.8898748183250427,0.9466666579246521,0.9439999890327454,0.9466666579246521,0.9466666579246521,0.14082898025711377,0.1421847239509225
14,LSTM,Image,0:01:08.765992,0.0,0.0,0.773333336909612,0.7319999980926514,0.773333336909612,0.773333336909612,3.5728444894154867,4.271295323371887
14,RNN,Image,0:01:01.625790,0.0,0.0,0.7783333381017049,0.7349999976158142,0.7783333381017049,0.7783333381017049,0.5314128269751867,0.5821169173717499
14,Shallow,TimeSeries,0:00:07.802682,0.0,0.0,0.8080536911684928,0.7745302651769682,0.8080536911684928,0.8080536911684928,0.5746868850400784,0.5871205110888391
14,Deep,TimeSeries,0:00:08.866039,0.0,0.0,0.8080536911684928,0.7745302651769682,0.8080536911684928,0.8080536911684928,0.37510008926626287,0.35604011651618495
14,CNN,TimeSeries,0:00:08.207662,0.4206177892035772,0.4398097393402993,0.837886254001614,0.8326359732879256,0.837886254001614,0.837886254001614,0.35620274449804146,0.4520978765507622
14,LSTM,TimeSeries,0:00:10.173484,0.0,0.0,0.793999103836772,0.8064853556485355,0.793999103836772,0.793999103836772,3.32034265968333,3.1190877998224362
14,RNN,TimeSeries,0:00:08.519730,0.47312769759571505,0.4507891348715108,0.8383340788058407,0.8253138120204335,0.8383340788058407,0.8383340788058407,0.3692638719503622,0.4005278731739172
15,Shallow,Easy,0:00:12.665974,0.6164856445481921,0.7086117795405497,0.7440305635717331,0.7748091607603408,0.7440305635717331,0.7440305635717331,0.5324754669422634,0.520810927598531
15,Deep,Easy,0:00:14.875368,0.4463579602888229,0.6689241551260912,0.6590257876240422,0.683206106870229,0.6590257876240422,0.6590257876240422,2.4865766333304027,3.092804370035652
15,LSTM,Easy,0:00:18.156663,0.7591920643617909,0.6748085385970487,0.8252148993149642,0.7709923666397124,0.8252148993149642,0.8252148993149642,0.415625102341232,0.9208896833521719
15,RNN,Easy,0:00:14.162733,0.7387623649158132,0.7079239837995922,0.8271251189902268,0.7977099238916208,0.8271251189902268,0.8271251189902268,0.40292413659400905,0.4861515396423922
15,CNN,Easy,0:00:21.546654,0.7638140699355628,0.6851418618937485,0.8376313276026743,0.7900763361053612,0.8376313276026743,0.8376313276026743,0.3780573440685427,0.5255194210824166
15,Shallow,Big,0:01:42.753042,0.23815463092066363,0.28845726608045524,0.9988212515800244,0.9987945179827488,0.9988212515800244,0.9988212515800244,0.01429372110589396,0.01682644486322145
15,Deep,Big,0:02:38.656502,0.17316122771251813,0.25515720563291316,0.994888746192627,0.9987477031471274,0.994888746192627,0.994888746192627,0.08091663188969227,0.019763875180532846
15,CNN,Big,0:13:33.605312,0.49747422281982684,0.5123124192260579,0.9996940270058787,0.9992626663389628,0.9996940270058787,0.9996940270058787,0.00133562829856201,0.003709771553441289
15,LSTM,Big,0:03:39.658907,0.0,0.0,0.6662436548211391,0.6672167411310157,0.6662436548211391,0.6662436548211391,0.026437250150094585,0.03112594011015409
15,RNN,Big,0:02:03.608259,0.43356764602377945,0.4815519496741138,0.9994733251740535,0.9994265182636377,0.9994733251740535,0.9994733251740535,0.0028564273232218134,0.0029888549085186917
15,Shallow,Text,0:00:10.323770,0.293199925017638,0.01080190233886242,0.5006698815896707,0.491875,0.5006698815896707,0.5006698815896707,0.7133346888030073,0.7066143798828125
15,Deep,Text,0:00:11.497043,0.6427269105870369,0.6748012256622314,0.49705251891641117,0.51,0.49705251891641117,0.49705251891641117,7.625547938024883,7.653506355285645
15,LSTM,Text,0:01:00.044772,0.9439034932168222,0.7792391896247863,0.71355841416638,0.5571875,0.71355841416638,0.71355841416638,0.1633549922915517,1.5566429710388183
15,RNN,Text,0:00:23.801622,0.9957920615057214,0.6476645135879516,0.9958467304642689,0.645625,0.9958467304642689,0.9958467304642689,0.033748504716707324,0.8028848028182983
15,CNN,Text,0:00:24.492562,0.645787871471683,0.6599669456481934,0.5004019292285077,0.5103125,0.5004019292285077,0.5004019292285077,7.952845192159998,7.788375015258789
15,Shallow,Image,0:01:09.621216,0.0,0.0,0.7783333381017049,0.7349999976158142,0.7783333381017049,0.7783333381017049,0.658903972307841,0.6615697479248047
15,Deep,Image,0:01:06.330100,0.0,0.0,0.7783333381017049,0.7349999976158142,0.7783333381017049,0.7783333381017049,0.5712547779083252,0.5920652151107788
15,CNN,Image,0:01:14.564702,0.8401190131902695,0.8819831204414368,0.9333333214124043,0.9399999904632569,0.9333333214124043,0.9333333214124043,0.1464747199167808,0.14091152392327785
15,LSTM,Image,0:01:09.910137,0.3560236612955729,0.4096690231561661,0.0,0.0,0.0,0.0,12.408489863077799,11.717653274536133
15,RNN,Image,0:01:03.799821,0.0,0.0,0.7783333381017049,0.7349999976158142,0.7783333381017049,0.7783333381017049,0.5968971292177836,0.6168565195798874
15,Shallow,TimeSeries,0:00:10.205340,0.0,0.0,0.7955257272560324,0.8037578336630087,0.7955257272560324,0.7955257272560324,0.5932636490337534,0.5852309862357838
15,Deep,TimeSeries,0:00:11.149455,0.0,0.0,0.7955257272560324,0.8037578336630087,0.7955257272560324,0.7955257272560324,0.4741722906195877,0.45833360078688207
15,CNN,TimeSeries,0:00:10.775133,0.6319025705547222,0.4940187265184634,0.8786386037641611,0.8619246901827378,0.8786386037641611,0.8786386037641611,0.28958644675557194,0.4091167423765031
15,LSTM,TimeSeries,0:00:20.080594,0.46375676988220726,0.5041597435663934,0.8414688748572368,0.8326359732879256,0.8414688748572368,0.8414688748572368,0.36958255276144003,0.4456897996459546
